"502 W. 12th St Ste. 102A,Alma ,GA 31510"
"4755 North Peachtree Rd,Atlanta ,GA 30338"
"900 Metropolitan Parkway SW,Atlanta ,GA 30310"
"1790 LaVista Rd.,Atlanta ,GA 30329"
"1040 Ralph David Abernathy Blvd, SW,Atlanta ,GA 30310"
"2375 Shallowford Rd.,Atlanta ,GA 30345"
"372 Sisson Ave NE,,Atlanta ,GA 30317"
"166 Edwards St., NW,Atlanta ,GA 30314"
"1035 Donnelly Ave, SW,Atlanta ,GA 30310"
"930 Custer Ave,Atlanta ,GA 30316"
"1879 Glenwood Ave, SE,Atlanta ,GA 30316"
"816 Maynard Terr.,Atlanta ,GA 30316"
"1328 Peachtree St., NE,Atlanta ,GA 30309"
"1440 Dutch Valley Pl, NE Ste 720,Atlanta ,GA 30324"
"2918 Clifton Church Rd., SE,Atlanta ,GA 30316"
"501 Mitchell St., SW,Atlanta ,GA 30314"
"6289 Veterans Memorial Highway, Building 12-A,Austell ,GA 30168"
"6289 Veterans Memorial Hwy. #12-A Bldg. 12,Austell ,GA 30168"
"57 Harvey St.,Baxley ,GA 31513"
"1471 Ralph D. Abernathy Blvd, SW,Atlanta ,GA 30310"
"23 Jesse Hill Dr. SE ,Atlanta ,GA 30303"
"205 Independent St.,Bainbridge ,GA 39817"
"2099 Fairburn Rd., SW,Atlanta ,GA 30331"
"3039 Briarcliff Rd. NE,Atlanta ,GA 30329"
"2847 Piedmont Rd. NE,Atlanta ,GA 30305"
"7034 Glade Rd.,Acworth ,GA 30102"
"5744 Bells Ferry Rd.,Acworth ,GA 30102"
"3385 Mars Hill Rd.,Acworth ,GA 30101"
"1966 Lakewood Terr.,Atlanta ,GA 30315"
"3021 Memorial Drive,Atlanta ,GA 30317"
"2295 Benjamin E. Mays Dr., SW,Atlanta ,GA 30311"
"3737 Dallas-Acworth Hwy NW,Acworth ,GA 30101"
"5323 Bells Ferry Road,Acworth ,GA 30102"
"312 Nicholls St Room 6,Blackshear ,GA 31516"
"30 Porter Pl., NE,Atlanta ,GA 30308"
"477 Windsor St., SW,Atlanta ,GA 30312"
"3310 Commerce Drive,Augusta ,GA 30909"
"1831 Old Savannah Rd,Augusta ,GA 30901"
"640 Barber St,Athens ,GA 30601"
"861 Newton Bridge Rd,Athens ,GA 30607"
"1200 Ponce de Leon Avenue NE,Atlanta ,GA 30306"
"3480 GReenbrair Parkway SUITE 302,Atlanta ,GA 30331"
"3642 Campbellton Rd Sw,Atlanta ,GA 30331"
"2052 Gordan Hwy,Augusta ,GA 30909"
"3045 Deans Bridge Rd,Augusta ,GA 30906"
"2050 Bolt Drive,Augusta ,GA 30901"
"185 Wellborn St Ste. 8,Blairsville ,GA 30512"
"14410 pat colwell,Blairsville ,GA 30512"
"4180 Jefferson Rd.,Athens ,GA 30607"
"1425 Newton Bridge Rd.,Athens ,GA 30607"
"205 N. Chase St.,Athens ,GA 30606"
"312 Hamilton Holmes Drive,Atlanta ,GA 30318"
"2031 Metropolitan Pkwy Suite C,Atlanta ,GA 30315"
"838 Cascade Ave,Atlanta ,GA 30311"
"2140 Grand Blvd,Augusta ,GA 30901"
"3018 Old McDuffie Rd,Augusta ,GA 30906"
"2507 Meadowbrook Dr,Augusta ,GA 30906"
"4680 Lexington Road ,Athens ,GA 30605"
"640 Barber St.,Athens ,GA 30601"
"380 Timothy Rd.,Athens ,GA 30606"
"2165 Kings Way,Augusta ,GA 30904"
"1363 11th Street,Augusta ,GA 30901"
"2632 Milledgeville Road,Augusta ,GA 30904"
"2 East Morre Street,Bloomingdale ,GA 31302"
"134 Prince Ave,Athens ,GA 30601"
"745 Prince Ave,Athens ,GA 30606"
"465 N Lumpkin St,Athens ,GA 30601"
"1780 Martin Luther King Jr Blvd,Augusta ,GA 30901"
"2030 Olive Road,Augusta ,GA 30906"
"2517 Milledgeville Road #7,Augusta ,GA 30904"
"180 Helton Rd,Bremen ,GA 30110"
"144 Elm Street,Bonaire ,GA 31005"
"156 Parkview Homes,Athens ,GA 30601"
"1384 Green St,Augusta ,GA 30901"
"1505 Essie McIntyre Blvd,Augusta ,GA 30904"
"3358 Peach Orchard Road,Augusta ,GA 30906"
"70 Wiley Dr.,Buford ,GA 30518"
"430  8th Street,Augusta ,GA 30901"
"22 Segars Street,Bowman ,GA 30624"
"4265 NORWICH STREET EXT,Brunswick ,GA 31520"
"1520 Wolfe St.,Brunswick ,GA 31520"
"15 Nimitz Dr.,Brunswick ,GA 31520"
"141 E Marietta St.,Canton ,GA 30114"
"4265 Norwich St.,Brunswick ,GA 31520"
"110 Burnett Rd.,Brunswick ,GA 31523"
"2911 Altama Ave,Brunswick ,GA 31520"
"2427 Norwich St.,Brunswick ,GA 31520"
"103 Buckingham Pl.,Brunswick ,GA 31525"
",Brunswick ,GA 31520"
"6885 Hwy. 145,Carnesville ,GA 30521"
"303 Mandeville Ave,Carrollton ,GA 30117"
"140 Douglas St Ste. 108,Cartersville ,GA 30120"
"611 Grassdale Rd. Suite D,Cartersville ,GA 30121"
"2001 Liberty Square Dr NE,,Cartersville ,GA 30121"
"29 Redcomb Drive,Cartersville ,GA 30120"
"205 W Cherokee Ave,Cartersville ,GA 30120"
"3773 Chamblee Tucker Rd.,Chamblee ,GA 30341"
"3550 Broad Street, Suite F,Chamblee ,GA 30341"
"206 W Railroad St,Claxton ,GA 30417"
",Claxton ,GA 30417"
",Cleveland ,GA 30528"
"46 Plaza Way,Clayton ,GA 30535"
"2500 Burdett Rd.,College Park ,GA 30349"
"6600 Old National Hwy.,College Park ,GA 30349"
"4141 Old Fairburn Rd.,College Park ,GA 30349"
"6744 Flat Rock Road,Columbus ,GA 31909"
"350 Tall Oaks Dr.,Conyers ,GA 30013"
"3940 Hwy. 20 SE,Conyers ,GA 30013"
"301 Honey Creek Rd.,Conyers ,GA 30094"
"3676 GA Hwy 20,Conyers ,GA 30012"
"1303 Parker Road SE Suite B1 ,Conyers ,GA 30094"
"111 Atlanta Ave,Commerce ,GA 30529"
"8111 Brown Bridge Rd.,Covington ,GA 30014"
"7125 Turner Lake Cir.,Covington ,GA 30014"
"102 E 14th Ave,Cordele ,GA 31015"
"2550 The Place Circle,Cumming ,GA 30040"
"2550 The Place Cir.,Cumming ,GA 30040"
"133 Samaritan Dr. Ste. 202,Cumming ,GA 30040"
"6800 Dahlonega Hwy.,Cumming ,GA 30028"
"770 Canton Highway,Cumming ,GA 30040"
"1270 Sawnee Dr.,Cumming ,GA 30040"
"537 Lake Center Parkway #549,Cumming ,GA 30040"
"1450 Pine Road,Dacula ,GA 30019"
"353 N. Grove St.,Dahlonega ,GA 30533"
"2030 Hwy. 19 N. Ste. 2030,Dahlonega ,GA 30533"
"523 Ben Higgins Road,Dahlonega ,GA 30533"
"1127 Highway 52 East,Dahlonega ,GA 30533"
"829 Hwy 9 N.,Dawsonville ,GA 30534"
"240 Professional Ct.,Dallas ,GA 30132"
"228 west spring street,Dallas ,GA 30132"
"294 White/Ingram Parkway,Dallas ,GA 30132"
"5285 Flat Shoals Parkway,Decatur ,GA 30034"
"2560 Tilson Rd.,Decatur ,GA 30032"
"1879 Columbia Dr.,Decatur ,GA 30032"
"3260 Rainbow Dr.,Decatur ,GA 30034"
"3074 Rainbow Dr.,Decatur ,GA 30034"
"2005 S. Columbia Pl.,Decatur ,GA 30032"
"1800 Satellite Boulevard,Duluth ,GA 30097"
"3395 Fox St.,Duluth ,GA 30096"
"515 E. Ponce de Leon Ave,Decatur ,GA 30030"
"2067 Columbia Dr.,Decatur ,GA 30032"
"2962 Ember Dr. Ste. 103,Decatur ,GA 30034"
"4000 Covington Hwy,Decatur ,GA 30032"
"100 Hunter Rd.,Douglasville ,GA 30134"
"9633 Hwy 5,Douglasville ,GA 30135"
"6768 W. Spring St.,Douglasville ,GA 30134"
"2818 Fairburn Rd ,Douglasville ,GA 30135"
"1115 W. Baker Hwy.,Douglas ,GA 31533"
"262 N McIntosh St,Elberton ,GA 30635"
"2553 Connally Dr.,East Point ,GA 30344"
"2651 Church St.,East Point ,GA 30344"
"2736 Cheney St.,East Point ,GA 30344"
"149 Sara Lee Dr. NW,Eatonton ,GA 31024"
"864 Harmony Road,Eatonton ,GA 31024"
"151 Industrial Blvd,Eatonton ,GA 31024"
"4031 Old River Rd.,Ellenwood ,GA 30294"
"304 Southside Church Street,Ellijay ,GA 30540"
"5015 Cash Rd,Flowery Branch ,GA 30542"
"5818 Atlanta Highway,Flowery Branch ,GA 30542"
"81 W. Campbellton St.,Fairburn ,GA 30213"
"81 Dodd Street,Fairburn ,GA 30213"
"93 Howell Ave,Fairburn ,GA 30213"
"9348 Fairmount Hwy SE, ,Fairmount ,GA 30139"
"1091 S. Jeff Davis Dr.,Fayetteville ,GA 30215"
"126 Hickory Rd.,Fayetteville ,GA 30214"
"4823 Thompson Bridge Rd.,Gainesville ,GA 30506"
"1725 Cleveland Hwy.,Gainesville ,GA 30501"
"979 Davis Street,Gainesville ,GA 30503"
"1220 McEver Rd. ,Gainesville ,GA 30504"
"1220 McEver Road,Gainesville ,GA 30504"
"1516 S. 3rd St Ste. A,Folkston ,GA 31537"
"55 Grayson Industrial ,Grayson ,GA 30017"
"1000 Main St.,Forest ,GA 30297"
"301 Pine Street,Guyton ,GA 31312"
"6095 Old Union Road,Harlem ,GA 30814"
"612 College St,Hapeville ,GA 30344"
"42 Jeff Davis St.,Hazlehurst ,GA 31539"
"715 S. Old Belair Road,Grovetown ,GA 30813"
"5050 High Meadows Dr,Grovetown ,GA 30813"
"140 East MLK Jr. Dr.,Hinesville ,GA 31310"
"1370 Shaw Rd.,Hinesville ,GA 31313"
"100 Commerce St.,Hinesville ,GA 31313"
"206 E. Stanfill St.,Hahira ,GA 31632"
"500 N. Richardson St.,Hartwell ,GA 30643"
"2805 Wylds Road,Hephzibah ,GA "
"2627 Tobacco Rd,Hephzibah ,GA 30815"
"1232 Anderson Ave,Hephzibah ,GA 30901"
"2664 Willis Foreman Rd,Hephzibah ,GA 30815"
"130 Holy Cross Path,Hiram ,GA 30141"
"5745 Wendy Bagwell Parkway ,Hiram ,GA 30141"
"94 E. Dame Ave,Homerville ,GA 31634"
"20 S. College St Rm. 13,Homerville ,GA 31634"
"307 E. Third St.,Jackson ,GA 30233"
"246 Washington Street,Jefferson ,GA 30549"
"1344 Talking Rock Rd.,Jasper ,GA 30143"
"737 Veterans Pkwy. Ste. 600,Jonesboro ,GA 30238"
"9671 Thomas Rd.,Jonesboro ,GA 30238"
"9800 Tara Blvd,Jonesboro ,GA 30238"
"696 Battle Creek Road, Suite A-B,Jonesboro ,GA 30236"
"9800 Tara Blvd.,Jonesboro ,GA 30236"
"458 Chestnut St.,Lawrenceville ,GA 30045"
"990 Martins Chapel Rd.,Lawrenceville ,GA 30045"
"176 Church St.,Lawrenceville ,GA 30046"
"5405 Jonesboro Road, ,Lake ,GA 30260"
"269 Hurrican Shoals Rd NE,Lawrenceville ,GA 30046"
"120 S. Perry St.,Lawrenceville ,GA 30046"
"1294 Braselton Highway,Lawrenceville ,GA 30043"
"385 Born Street ,Lawrenceville ,GA 30046"
"461 West Crogan Street,Lawrenceville ,GA 30046"
"5329 Five Forks Trickum Rd.,Lilburn ,GA 30047"
"2158 McDaniels Bridge Ct,Lilburn ,GA 30047"
"105 North Chattanooga Street,Lafayette ,GA 30728"
"409 S. Third Street,Jesup ,GA 31545"
"1066 Firetower Road,Lincolnton ,GA 30817"
"2245 Augusta Hwy,Lincolnton ,GA 30817"
"420 Jackson Street,Lincolnton ,GA 30673"
"440 S. Lee St.,Kingsland ,GA 31548"
"165 Camden Woods Pkwy. E,Kingsland ,GA 31548"
"455 South Lee Street,Kingsland ,GA 31548"
"8350 Rockbridge Road,Lithonia ,GA 30058"
"680 McPherson Rd # 39,Lithia Springs ,GA 30122"
"718 Nelms St,Louisville ,GA 30434"
"1310 Mays Grove Road,Louisville ,GA 30833"
"99 Martin Luther King Jr. Blvd (L.G. Griffin Rd),Locust Grove ,GA 30248"
"300 South State Street,Lyons ,GA 30436"
"15 Thornton Dr.,Ludowici ,GA 31316"
"4490 Ocmulgee East Blvd,Macon ,GA 31217"
"1140 Monticello Rd. Ste. 400,Madison ,GA 30650"
"1140 Monticello Rd.,Madison ,GA 30650"
"6105 Mableton Pkwy.,Mableton ,GA 30126"
"3126 Parrish Road,Martinez ,GA 30907"
"2364 Powder Springs Road SW,Marietta ,GA 30064"
"492 N. Marietta Pkwy.,Marietta ,GA 30060"
"186 Alexander Street,Marietta ,GA 30060"
"554 Schaffer Rd.,Marietta ,GA 30060"
"8875 Hwy 82 Spur,Maysville ,GA 30558"
"406 Roswell St.,Marietta ,GA 30060"
"1951 Canton Rd. Suite 340,Marietta ,GA 30066"
"995 Roswell St., NE Ste 100,Marietta ,GA 30060"
"395 Wright St.,Marietta ,GA 30060"
"566 Whitlock Ave,Marietta ,GA 30064"
"1407 Cobb Pkwy.,Marietta ,GA 30062"
"4905 Roswell Road,Marietta ,GA 30062"
"63 Maple Av.e.,Marietta ,GA 30064"
"700 South Madison Ave,Monroe ,GA 30655"
"112 Park West Drive,Mcdonough ,GA 30253"
"1365 King Mill Rd,McDonough ,GA 30253"
"595 Macon Street,McDonough ,GA 30253"
"430 N. Roundtree St.,Metter ,GA 30439"
"201 S. Leroy Street,Metter ,GA 30439"
"2171 Post Road,Monticello ,GA 31064"
"9511 Old Highway 76,Morganton ,GA 30560"
"527 Barney Ave,Millen ,GA 30442"
"1038 Davis Bennett Road,Millen ,GA 30442"
"789 Burton St.,Nahunta ,GA 31553"
",Newnan ,GA 30263"
"19 First Ave.,Newnan ,GA 30263"
"2275 Mitchell Rd.,Norcross ,GA 30071"
"220 Parkade Ct Suite A,Peachtree City ,GA 30269"
"4211 Walnut Street,Oakwood ,GA 30566"
"5004 Mcever Rd,Oakwood ,GA 30566"
"3947 North Hwy 441,Ocala ,GA 34475"
"636 Austin Ave Ste. 2,Pearson ,GA 31642"
"501 E. Screven St.,Quitman ,GA 31643"
",Pooler ,GA 31322"
"144 W. Brazell St.,Reidsville ,GA 30453"
"608 S. Main Street,Odum ,GA 31555"
"4122 Austell Powder Springs Rd.,Powder Springs ,GA 30127"
"9050 Ford Avenue,Richmond Hill ,GA 31324"
"1210 Patriot Dr.,Rincon ,GA 31326"
"107 Church St,Rockmart ,GA 30153"
"510 North Piedmont Ave,Rockmart ,GA 30153"
"191 Campbell St,Royston ,GA 30662"
"207 East 19th Street,Rome ,GA 30161"
"310 East Church Street,Sandersville ,GA 31082"
"11270 Elkins Rd.,Roswell ,GA 30076"
"1130 Hightower Tr.,Sandy Springs ,GA 30350"
"679 Glendale  road,Scottdale ,GA 30079"
"640 Highway 138 SW,Riverdale ,GA 30296"
"6509 Hwy. 85,Riverdale ,GA 30274"
"3167 Zion Street,Scottdale ,GA 30079"
"1601 Drayton St.,Savannah ,GA 31401"
"1601 Barnard St.,Savannah ,GA 31401"
"1802 Abercon St.,Savannah ,GA 31401"
"812 W. 36 St.,Savannah ,GA 31415"
"502 E. Liberty St.,Savannah ,GA 31412"
"1427 East 37 St.,Savannah ,GA 31404"
"704 Wheaton St.,Savannah ,GA 31401"
"117 E. 34th St.,Savannah ,GA 31401"
"515 Montgomery St.,Savannah ,GA 31401"
"575 West Bryan St.,Savannah ,GA 31401"
"2414 Bull St.,Savannah ,GA 31401"
"107 fahm st,Savannah ,GA 31401"
"621 E. 35th St.,Savannah ,GA 31401"
"3100 Montgomery St.,Savannah ,GA 31405"
"460 Pat Mell Rd.,Smyrna ,GA 30080"
"2100 Fountain Square,Snellville ,GA 30078"
"3594 Centerville Hwy,Snellville ,GA 30039"
"768 Highway 119 South,Springfield ,GA 31329"
"1435 Hwy. 119 N.,Springfield ,GA 31329"
"75 Old L. S Inghram Road,Sparta ,GA 31087"
"12706 East Broad Street,Sparta ,GA 31087"
"400 Donnie Simmons Way,Statesboro ,GA 30458"
"227 Institute Street,Statesboro ,GA 30458"
"515 Denmark St.,Statesboro ,GA 30458"
"515 Denmark St Ste. 1400,Statesboro ,GA 30459"
"170 Church of God St.,Statenville ,GA 31648"
"6200 Memorial Drive, Suite J,Stone ,GA 30083"
"85 Bellamy Place, Suite A,Stockbridge ,GA 30281"
"65 Bellamy Place,Stockbridge ,GA 30281"
"6045 N. Henry Blvd Ste. C,Stockbridge ,GA 30281"
"4010 Hwy 138 SW,Stockbridge ,GA 30281"
"6788 Rockbridge Road,Stone Mountain ,GA 30087"
"330 Memorial Dr. Suite 5,Stone Mountain ,GA 30288"
"1320 Springfield Rd,Union Point ,GA 30669"
"353 Johnson Grove Rd,Sylvania ,GA 30467"
"205 Mims Road,Sylvania ,GA 30467"
"451 East Hill Street,Thomson ,GA 30824"
"7725 Thankful Church Road,Thomson ,GA 30824"
"2380 4th Street,Tucker ,GA 30084"
"300 Mcintosh St,Vidalia ,GA 30474"
"107 Old Airport Rd.,Vidalia ,GA 30474"
"1411 Harbin Cir,Valdosta ,GA 31601"
"1411 Harbin Circle,Valdosta ,GA 31601"
"714 Charlton Street,Valdosta ,GA 31601"
"6163 Clyattville Lake Park Rd.,Valdosta ,GA 31601"
"2601 Bemiss Rd.,Valdosta ,GA 31601"
"1708 Watson Boulevard,Warner ,GA 31093"
"531 Rockmart Rd.,Villa Rica ,GA 30180"
"8889 Fincher road ,waleska ,GA 30183"
"8871 Fincher Road, suite A,Waleska ,GA 30183"
"1303 Gilmore St.,Waycross ,GA 31501"
"2100 Riverside Ave,Waycross ,GA 31501"
"709 Garlington Avenue,Waycross ,GA 31501"
"4466 Hwy 80 West,Waynesboro ,GA 30830"
"2015 Herndon Road,Waynesboro ,GA 30830"
"985 Hwy 24 West,Waynesboro ,GA 30830"
"317 N By Pass East,Washington ,GA 30673"
"1365 Tignall Rd,Washington ,GA 30673"
"1036 Lexington Road,Washington ,GA 30673"
"9761 Us Highway 221 N,West Green ,GA 31567"
"405 Bedell Ave,Woodbine ,GA 31569"
"102 Phillips Street,Wrens ,GA 30833"
"1294 Jack Dayton Circle,Young Harris ,GA 30546"
"1294 Jack Dayton Cir.,Young Harris ,GA 30582"
"7822 Conners Rd.,Winston ,GA 30187"
"2471 Mountain Top Rd,Winston ,GA 30187"
"556 Arnold Mill Rd.,Woodstock ,GA 30188"
"6551 Commerce Pkwy. Ste. 200,Woodstock ,GA 30189"
"9550 Main Street Suite #170,Woodstock ,GA 30189"
"291 Rope Mill Road,Woodstock ,GA 30188"
